"","Phase","Camera","Camera_folder","Species","DateTimeOriginal","Date","Time","delta.time.secs","Directory","FileName","Classification","Sex","Age","BuckClass","DST","Time_DST_Corrected","Time_Decimal","Time_Scaled","Time_Radians","Time_Sun"
"1",3,"A03","A03_031819_062519","Bobcat","4/1/2019 21:15","4/1/2019","21:15:20",0,"Reviewed Phase 3/A03_031819_062519/Bobcat","IMG_0055.JPG","Bobcat",NA,NA,NA,TRUE,"21H 15M 20S",21.25555556,0.885648148,5.564691432,5.17106597
"490",3,"B04","B04_031819_061719","Bobcat","4/17/2019 16:29","4/17/2019","16:29:22",0,"Reviewed Phase 3/B04_031819_061719/Bobcat","IMG_0883.JPG","Bobcat",NA,NA,NA,TRUE,"16H 29M 22S",16.48944444,0.687060185,4.316926461,3.917444424
"640",3,"B04","B04_061719_090919","Bobcat","8/11/2019 5:48","8/11/2019","5:48:57",0,"Reviewed Phase 3/B04_061719_090919/Bobcat","IMG_0283.JPG","Bobcat",NA,NA,NA,TRUE,"5H 48M 57S",5.815833333,0.242326389,1.522581606,1.40055476
"1705",3,"B12","B12_032119_070219","Bobcat","6/16/2019 6:38","6/16/2019","6:38:06",0,"Reviewed Phase 3/B12_032119_070219/Bobcat","IMG_1216.JPG","Bobcat",NA,NA,NA,TRUE,"6H 38M 6S",6.635,0.276458333,1.737038938,1.753401572
"1746",3,"B12","B12_032119_070219","Sheep","4/29/2019 7:13","4/29/2019","7:13:11",84146,"Reviewed Phase 3/B12_032119_070219/Sheep","IMG_0316.JPG","Sheep",NA,NA,NA,TRUE,"7H 13M 11S",7.219722222,0.300821759,1.890118858,1.784853107
"1749",3,"B12","B12_032119_070219","Sheep","4/30/2019 16:57","4/30/2019","16:57:38",35390,"Reviewed Phase 3/B12_032119_070219/Sheep","IMG_0352.JPG","Sheep",NA,NA,NA,TRUE,"16H 57M 38S",16.96055556,0.706689815,4.440263061,4.005454747
"1752",3,"B12","B12_032119_070219","Sheep","5/2/2019 6:31","5/2/2019","6:31:20",45831,"Reviewed Phase 3/B12_032119_070219/Sheep","IMG_0472.JPG","Sheep",NA,NA,NA,TRUE,"6H 31M 20S",6.522222222,0.271759259,1.707513785,1.639052773
"1755",3,"B12","B12_032119_070219","Sheep","5/3/2019 6:24","5/3/2019","6:24:50",78847,"Reviewed Phase 3/B12_032119_070219/Sheep","IMG_0685.JPG","Sheep",NA,NA,NA,TRUE,"6H 24M 50S",6.413888889,0.26724537,1.679152185,1.618849536
"1758",3,"B12","B12_032119_070219","Sheep","5/3/2019 8:52","5/3/2019","8:52:41",1045,"Reviewed Phase 3/B12_032119_070219/Sheep","IMG_0895.JPG","Sheep",NA,NA,NA,TRUE,"8H 52M 41S",8.878055556,0.369918981,2.324269509,2.175200269
"1761",3,"B12","B12_032119_070219","Sheep","5/4/2019 7:05","5/4/2019","7:05:55",1103,"Reviewed Phase 3/B12_032119_070219/Sheep","IMG_0964.JPG","Sheep",NA,NA,NA,TRUE,"7H 5M 55S",7.098611111,0.295775463,1.858412043,1.777273899
"1764",3,"B12","B12_032119_070219","Sheep","5/5/2019 9:04","5/5/2019","9:04:06",6291,"Reviewed Phase 3/B12_032119_070219/Sheep","IMG_1025.JPG","Sheep",NA,NA,NA,TRUE,"9H 4M 6S",9.068333333,0.377847222,2.374084115,2.223495018
"1850",3,"B12","B12_091619_122019","Dog","11/28/2019 22:49","11/28/2019","22:49:23",26343,"Reviewed Phase 3/B12_091619_122019/Dog","IMG_0523.JPG","Dog",NA,NA,NA,FALSE,"22H 49M 23S",22.82305556,0.950960648,5.975061972,6.024030646
"1853",3,"B12","B12_091619_122019","Dog","12/18/2019 10:06","12/18/2019","10:06:29",168909,"Reviewed Phase 3/B12_091619_122019/Dog","IMG_0682.JPG","Dog",NA,NA,NA,FALSE,"10H 6M 29S",10.10805556,0.421168981,2.646282756,2.462065984
"1857",3,"B12","B12_091619_122019","Sheep","12/1/2019 8:45","12/1/2019","8:45:57",234937,"Reviewed Phase 3/B12_091619_122019/Sheep","IMG_0535.JPG","Sheep",NA,NA,NA,FALSE,"8H 45M 57S",8.765833333,0.365243056,2.2948898,2.080684785
"1860",3,"B12","B12_091619_122019","Sheep","12/7/2019 14:25","12/7/2019","14:25:56",263247,"Reviewed Phase 3/B12_091619_122019/Sheep","IMG_0604.JPG","Sheep",NA,NA,NA,FALSE,"14H 25M 56S",14.43222222,0.601342593,3.778346942,3.922539214
"1863",3,"B12","B12_091619_122019","Sheep","12/18/2019 10:06","12/18/2019","10:06:29",662573,"Reviewed Phase 3/B12_091619_122019/Sheep","IMG_0682.JPG","Sheep",NA,NA,NA,FALSE,"10H 6M 29S",10.10805556,0.421168981,2.646282756,2.462065984
"1873",3,"B12","B12_121118_032119","Bobcat","3/18/2019 7:28","3/18/2019","7:28:24",0,"Reviewed Phase 3/B12_121118_032119/Bobcat","IMG_0784.JPG","Bobcat",NA,NA,NA,TRUE,"7H 28M 24S",7.473333333,0.311388889,1.956514091,1.611251617
"1895",3,"B12","B12_121118_032119","Dog","1/21/2019 23:44","1/21/2019","23:44:39",1066907,"Reviewed Phase 3/B12_121118_032119/Dog","IMG_0634.JPG","Dog",NA,NA,NA,FALSE,"23H 44M 39S",23.74416667,0.989340278,6.216208297,6.13775614
"1898",3,"B12","B12_121118_032119","Dog","2/16/2019 8:08","2/16/2019","8:08:27",2160466,"Reviewed Phase 3/B12_121118_032119/Dog","IMG_0697.JPG","Dog",NA,NA,NA,FALSE,"8H 8M 27S",8.140833333,0.339201389,2.131265183,1.890019265
"2126",3,"B14","B14_032119_070219","Dog","5/1/2019 8:15","5/1/2019","8:15:39",0,"Reviewed Phase 3/B14_032119_070219/Dog","IMG_0277.JPG","Dog",NA,NA,NA,TRUE,"8H 15M 39S",8.260833333,0.344201389,2.162681109,2.02927433
"2305",3,"B14","B14_090719_121819","Bobcat","9/24/2019 18:29","9/24/2019","18:29:13",30793,"Reviewed Phase 3/B14_090719_121819/Bobcat","IMG_2008.JPG","Bobcat",NA,NA,NA,TRUE,"18H 29M 13S",18.48694444,0.770289352,4.839870738,4.551574819
"3266",3,"B14","B14_121818_032119","Dog","1/4/2019 8:38","1/4/2019","8:38:44",0,"Reviewed Phase 3/B14_121818_032119/Dog","IMG_1225.JPG","Dog",NA,NA,NA,FALSE,"8H 38M 44S",8.645555556,0.360231481,2.263401152,1.940192829
"3298",3,"C03","C03_032819_060419","Bobcat","4/23/2019 10:35","4/23/2019","10:35:09",929498,"Reviewed Phase 3/C03_032819_060419/Bobcat","IMG_0172.JPG","Bobcat",NA,NA,NA,TRUE,"10H 35M 9S",10.58583333,0.441076389,2.771364686,2.53921968
"3301",3,"C03","C03_032819_060419","Bobcat","4/30/2019 11:29","4/30/2019","11:29:23",1144,"Reviewed Phase 3/C03_032819_060419/Bobcat","IMG_0049.JPG","Bobcat",NA,NA,NA,TRUE,"11H 29M 23S",11.48972222,0.478738426,3.008002244,2.760589569
"3304",3,"C03","C03_032819_060419","Bobcat","5/9/2019 13:42","5/9/2019","13:42:15",427465,"Reviewed Phase 3/C03_032819_060419/Bobcat","IMG_0232.JPG","Bobcat",NA,NA,NA,TRUE,"13H 42M 15S",13.70416667,0.571006944,3.587742444,3.264681054
"3307",3,"C03","C03_032819_060419","Bobcat","5/17/2019 15:08","5/17/2019","15:08:57",383879,"Reviewed Phase 3/C03_032819_060419/Bobcat","IMG_0316.JPG","Bobcat",NA,NA,NA,TRUE,"15H 8M 57S",15.14916667,0.631215278,3.966042559,3.578774596
"3310",3,"C03","C03_032819_060419","Bobcat","5/27/2019 1:18","5/27/2019","1:18:43",148883,"Reviewed Phase 3/C03_032819_060419/Bobcat","IMG_0391.JPG","Bobcat",NA,NA,NA,TRUE,"1H 18M 43S",1.311944444,0.054664352,0.343466252,0.05039249
"3421",3,"C03","C03_060419_091019","Bobcat","6/11/2019 9:01","6/11/2019","9:01:58",325704,"Reviewed Phase 3/C03_060419_091019/Bobcat","IMG_0193.JPG","Bobcat",NA,NA,NA,TRUE,"9H 1M 58S",9.032777778,0.376365741,2.364775692,2.260492401
"3424",3,"C03","C03_060419_091019","Bobcat","7/3/2019 10:53","7/3/2019","10:53:01",1275981,"Reviewed Phase 3/C03_060419_091019/Bobcat","IMG_0220.JPG","Bobcat",NA,NA,NA,TRUE,"10H 53M 1S",10.88361111,0.453483796,2.849322726,2.635369711
"3709",3,"C03","C03_091019_121719","Bobcat","9/19/2019 14:35","9/19/2019","14:35:24",189235,"Reviewed Phase 3/C03_091019_121719/Bobcat","IMG_0136 copy.JPG","Bobcat",NA,NA,NA,TRUE,"14H 35M 24S",14.59,0.607916667,3.819653068,3.523527525
"3712",3,"C03","C03_091019_121719","Bobcat","11/11/2019 4:34","11/11/2019","4:34:21",3096159,"Reviewed Phase 3/C03_091019_121719/Bobcat","IMG_0634.JPG","Bobcat",NA,NA,NA,FALSE,"4H 34M 21S",4.5725,0.190520833,1.197077701,1.054429879
"3715",3,"C03","C03_091019_121719","Bobcat","11/29/2019 0:00","11/29/2019","0:00:45",71575,"Reviewed Phase 3/C03_091019_121719/Bobcat","IMG_0937.JPG","Bobcat",NA,NA,NA,FALSE,"45S",0.0125,0.000520833,0.003272492,0.000896902
"3985",3,"C03","C03_112818_032819","Bobcat","12/4/2018 16:38","12/4/2018","16:38:16",0,"Reviewed Phase 3/C03_112818_032819/Bobcat","IMG_0070.JPG","Bobcat",NA,NA,NA,FALSE,"16H 38M 16S",16.63777778,0.693240741,4.355760037,4.648770382
"3988",3,"C03","C03_112818_032819","Bobcat","1/14/2019 7:12","1/14/2019","7:12:33",928605,"Reviewed Phase 3/C03_112818_032819/Bobcat","IMG_0352.JPG","Bobcat",NA,NA,NA,FALSE,"7H 12M 33S",7.209166667,0.300381944,1.88735542,1.506750136
"3991",3,"C03","C03_112818_032819","Bobcat","1/22/2019 22:41","1/22/2019","22:41:00",31090,"Reviewed Phase 3/C03_112818_032819/Bobcat","IMG_0382.JPG","Bobcat",NA,NA,NA,FALSE,"21H 41M 0S",21.68333333,0.903472222,5.676683392,5.676421091
"3994",3,"C03","C03_112818_032819","Bobcat","1/23/2019 15:45","1/23/2019","15:45:46",33749,"Reviewed Phase 3/C03_112818_032819/Bobcat","IMG_0412.JPG","Bobcat",NA,NA,NA,FALSE,"15H 45M 46S",15.76277778,0.656782407,4.126685572,4.200924298
"4034",3,"C03","C03_112818_032819","Dog","3/13/2019 18:01","3/13/2019","18:01:32",2040,"Reviewed Phase 3/C03_112818_032819/Dog","IMG_7366.JPG","Dog",NA,NA,NA,TRUE,"18H 1M 32S",18.02555556,0.751064815,4.719079409,4.377607178
"4693",3,"C11","C11_031419_062119","Bobcat","4/21/2019 20:07","4/21/2019","20:07:09",2409112,"Reviewed Phase 3/C11_031419_062119/Bobcat","IMG_3307.JPG","Bobcat",NA,NA,NA,TRUE,"20H 7M 9S",20.11916667,0.838298611,5.267185516,4.771364106
"4697",3,"C11","C11_031419_062119","Dog","3/26/2019 7:00","3/26/2019","7:00:33",938407,"Reviewed Phase 3/C11_031419_062119/Dog","IMG_0583.JPG","Dog",NA,NA,NA,TRUE,"7H 0M 33S",7.009166667,0.292048611,1.834995542,1.544031886
"4700",3,"C11","C11_031419_062119","Dog","3/28/2019 1:25","3/28/2019","1:25:01",137686,"Reviewed Phase 3/C11_031419_062119/Dog","IMG_2671.JPG","Dog",NA,NA,NA,TRUE,"1H 25M 1S",1.416944444,0.059039352,0.370955188,0.033398016
"4703",3,"C11","C11_031419_062119","Dog","4/9/2019 17:48","4/9/2019","17:48:54",559751,"Reviewed Phase 3/C11_031419_062119/Dog","IMG_1048.JPG","Dog",NA,NA,NA,TRUE,"17H 48M 54S",17.815,0.742291667,4.663956094,4.249634678
"4710",3,"C11","C11_031419_062119","Sheep","3/30/2019 18:05","3/30/2019","18:05:39",1530,"Reviewed Phase 3/C11_031419_062119/Sheep","IMG_4363.JPG","Sheep",NA,NA,NA,TRUE,"18H 5M 39S",18.09416667,0.753923611,4.737041756,4.34439663
"4713",3,"C11","C11_031419_062119","Sheep","3/30/2019 19:43","3/30/2019","19:43:01",972,"Reviewed Phase 3/C11_031419_062119/Sheep","IMG_4669.JPG","Sheep",NA,NA,NA,TRUE,"19H 43M 1S",19.71694444,0.821539352,5.161883985,4.753939188
"4716",3,"C11","C11_031419_062119","Sheep","3/31/2019 12:09","3/31/2019","12:09:46",6940,"Reviewed Phase 3/C11_031419_062119/Sheep","IMG_5203.JPG","Sheep",NA,NA,NA,TRUE,"12H 9M 46S",12.16277778,0.506782407,3.184207776,2.863259766
"4719",3,"C11","C11_031419_062119","Sheep","3/31/2019 16:16","3/31/2019","16:16:11",2806,"Reviewed Phase 3/C11_031419_062119/Sheep","IMG_5368.JPG","Sheep",NA,NA,NA,TRUE,"16H 16M 11S",16.26972222,0.677905093,4.259403317,3.886877358
"4722",3,"C11","C11_031419_062119","Sheep","3/31/2019 18:28","3/31/2019","18:28:25",4210,"Reviewed Phase 3/C11_031419_062119/Sheep","IMG_5533.JPG","Sheep",NA,NA,NA,TRUE,"18H 28M 25S",18.47361111,0.769733796,4.836380079,4.436176106
"4725",3,"C11","C11_031419_062119","Sheep","4/1/2019 13:38","4/1/2019","13:38:28",1293,"Reviewed Phase 3/C11_031419_062119/Sheep","IMG_5866.JPG","Sheep",NA,NA,NA,TRUE,"13H 38M 28S",13.64111111,0.56837963,3.571234538,3.232646486
"4728",3,"C11","C11_031419_062119","Sheep","4/1/2019 16:09","4/1/2019","16:09:15",1072,"Reviewed Phase 3/C11_031419_062119/Sheep","IMG_6757.JPG","Sheep",NA,NA,NA,TRUE,"16H 9M 15S",16.15416667,0.673090278,4.229150944,3.85691368
"4731",3,"C11","C11_031419_062119","Sheep","4/1/2019 19:37","4/1/2019","19:37:33",4434,"Reviewed Phase 3/C11_031419_062119/Sheep","IMG_6880.JPG","Sheep",NA,NA,NA,TRUE,"19H 37M 33S",19.62583333,0.817743056,5.138031152,4.720097622
"4734",3,"C11","C11_031419_062119","Sheep","4/2/2019 15:59","4/2/2019","15:59:56",8695,"Reviewed Phase 3/C11_031419_062119/Sheep","IMG_7045.JPG","Sheep",NA,NA,NA,TRUE,"15H 59M 56S",15.99888889,0.66662037,4.188499317,3.817310759
"4737",3,"C11","C11_031419_062119","Sheep","4/3/2019 12:25","4/3/2019","12:25:33",59684,"Reviewed Phase 3/C11_031419_062119/Sheep","IMG_7870.JPG","Sheep",NA,NA,NA,TRUE,"12H 25M 33S",12.42583333,0.517743056,3.25307556,2.934564256
"4740",3,"C11","C11_031419_062119","Sheep","4/3/2019 16:08","4/3/2019","16:08:14",2299,"Reviewed Phase 3/C11_031419_062119/Sheep","IMG_7990.JPG","Sheep",NA,NA,NA,TRUE,"16H 8M 14S",16.13722222,0.672384259,4.224714899,3.850418737
"4743",3,"C11","C11_031419_062119","Sheep","4/3/2019 18:11","4/3/2019","18:11:47",1737,"Reviewed Phase 3/C11_031419_062119/Sheep","IMG_8044.JPG","Sheep",NA,NA,NA,TRUE,"18H 11M 47S",18.19638889,0.75818287,4.763803471,4.358556547
"4746",3,"C11","C11_031419_062119","Sheep","4/4/2019 8:19","4/4/2019","8:19:40",47354,"Reviewed Phase 3/C11_031419_062119/Sheep","IMG_8191.JPG","Sheep",NA,NA,NA,TRUE,"8H 19M 40S",8.327777778,0.346990741,2.180207124,1.928477759
"4749",3,"C11","C11_031419_062119","Sheep","4/4/2019 14:06","4/4/2019","14:06:39",14716,"Reviewed Phase 3/C11_031419_062119/Sheep","IMG_8581.JPG","Sheep",NA,NA,NA,TRUE,"14H 6M 39S",14.11083333,0.587951389,3.694207528,3.350871254
"4752",3,"C11","C11_031419_062119","Sheep","4/5/2019 12:23","4/5/2019","12:23:59",64357,"Reviewed Phase 3/C11_031419_062119/Sheep","IMG_9085.JPG","Sheep",NA,NA,NA,TRUE,"12H 23M 59S",12.39972222,0.516655093,3.246239687,2.931870433
"4755",3,"C11","C11_031419_062119","Sheep","4/5/2019 18:05","4/5/2019","18:05:27",1806,"Reviewed Phase 3/C11_031419_062119/Sheep","IMG_9304.JPG","Sheep",NA,NA,NA,TRUE,"18H 5M 27S",18.09083333,0.753784722,4.736169091,4.327081046
"4758",3,"C11","C11_031419_062119","Sheep","4/5/2019 19:41","4/5/2019","19:41:32",1061,"Reviewed Phase 3/C11_031419_062119/Sheep","IMG_9538.JPG","Sheep",NA,NA,NA,TRUE,"19H 41M 32S",19.69222222,0.820509259,5.155411722,4.720732091
"4761",3,"C11","C11_031419_062119","Sheep","4/7/2019 16:16","4/7/2019","16:16:11",3740,"Reviewed Phase 3/C11_031419_062119/Sheep","IMG_9910.JPG","Sheep",NA,NA,NA,TRUE,"16H 16M 11S",16.26972222,0.677905093,4.259403317,3.878138457
"4807",3,"C11","C11_092019_121019","Bobcat","10/4/2019 16:52","10/4/2019","16:52:08",0,"Reviewed Phase 3/C11_092019_121019/Bobcat","IMG_0100.JPG","Bobcat",NA,NA,NA,TRUE,"16H 52M 8S",16.86888889,0.70287037,4.416264784,4.181027155
"4877",3,"C11","C11_121218_031419","Dog","3/12/2019 21:19","3/12/2019","21:19:37",0,"Reviewed Phase 3/C11_121218_031419/Dog","IMG_0328.JPG","Dog",NA,NA,NA,TRUE,"21H 19M 37S",21.32694444,0.888622685,5.583380999,5.241808862
"4891",3,"C15","C15_032619_070219","Bobcat","3/31/2019 15:34","3/31/2019","15:34:27",2128,"Reviewed Phase 3/C15_032619_070219/Bobcat","IMG_0034.JPG","Bobcat",NA,NA,NA,TRUE,"15H 34M 27S",15.57416667,0.648923611,4.077307299,3.713516625
"4894",3,"C15","C15_032619_070219","Bobcat","3/31/2019 22:29","3/31/2019","22:29:24",18302,"Reviewed Phase 3/C15_032619_070219/Bobcat","IMG_0043.JPG","Bobcat",NA,NA,NA,TRUE,"22H 29M 24S",22.49,0.937083333,5.887868232,5.514145292
"4897",3,"C15","C15_032619_070219","Bobcat","4/14/2019 11:26","4/14/2019","11:26:49",55684,"Reviewed Phase 3/C15_032619_070219/Bobcat","IMG_0064.JPG","Bobcat",NA,NA,NA,TRUE,"11H 26M 49S",11.44694444,0.476956019,2.996803048,2.72031357
"4900",3,"C15","C15_032619_070219","Bobcat","4/16/2019 17:38","4/16/2019","17:38:47",112568,"Reviewed Phase 3/C15_032619_070219/Bobcat","IMG_0091.JPG","Bobcat",NA,NA,NA,TRUE,"17H 38M 47S",17.64638889,0.735266204,4.619813808,4.192853676
"5086",3,"C15","C15_121818_032619","Bobcat","12/25/2018 18:56","12/25/2018","18:56:02",171415,"Reviewed Phase 3/C15_121818_032619/Bobcat","IMG_0037.JPG","Bobcat",NA,NA,NA,FALSE,"18H 56M 2S",18.93388889,0.788912037,4.95688052,5.145163969
"5089",3,"C15","C15_121818_032619","Bobcat","1/24/2019 9:44","1/24/2019","9:44:17",150444,"Reviewed Phase 3/C15_121818_032619/Bobcat","IMG_4084.JPG","Bobcat",NA,NA,NA,FALSE,"9H 44M 17S",9.738055556,0.405752315,2.549416983,2.30082486
"5092",3,"C15","C15_121818_032619","Bobcat","2/18/2019 8:48","2/18/2019","8:48:48",1631522,"Reviewed Phase 3/C15_121818_032619/Bobcat","IMG_4171.JPG","Bobcat",NA,NA,NA,FALSE,"8H 48M 48S",8.813333333,0.367222222,2.307325271,2.094036128
"5114",3,"C15","C15_121818_032619","Dog","12/31/2018 11:41","12/31/2018","11:41:05",69257,"Reviewed Phase 3/C15_121818_032619/Dog","IMG_1390.JPG","Dog",NA,NA,NA,FALSE,"11H 41M 5S",11.68472222,0.486863426,3.059053124,2.95146567
"5117",3,"C15","C15_121818_032619","Dog","1/1/2019 12:20","1/1/2019","12:20:16",86014,"Reviewed Phase 3/C15_121818_032619/Dog","IMG_2185.JPG","Dog",NA,NA,NA,FALSE,"12H 20M 16S",12.33777778,0.514074074,3.230022669,3.165211263
"5120",3,"C15","C15_121818_032619","Dog","2/26/2019 9:22","2/26/2019","9:22:29",4743467,"Reviewed Phase 3/C15_121818_032619/Dog","IMG_4297.JPG","Dog",NA,NA,NA,FALSE,"9H 22M 29S",9.374722222,0.390613426,2.454296539,2.286681525
"5123",3,"C15","C15_121818_032619","Dog","3/11/2019 10:11","3/11/2019","10:11:21",86682,"Reviewed Phase 3/C15_121818_032619/Dog","IMG_5332.JPG","Dog",NA,NA,NA,TRUE,"10H 11M 21S",10.18916667,0.424548611,2.667517596,2.289637774
"5275",3,"C17","C17_121818_032619","Bobcat","2/10/2019 7:58","2/10/2019","7:58:52",0,"Reviewed Phase 3/C17_121818_032619/Bobcat","IMG_0298.JPG","Bobcat",NA,NA,NA,FALSE,"7H 58M 52S",7.981111111,0.332546296,2.089450003,1.814285283
"5363",3,"D04","D04_032819_060419","Dog","5/6/2019 10:59","5/6/2019","10:59:16",2083,"Reviewed Phase 3/D04_032819_060419/Dog","IMG_0373.JPG","Dog",NA,NA,NA,TRUE,"10H 59M 16S",10.98777778,0.457824074,2.876593495,2.656177538
"5869",3,"D10","D10_062119_092319","Bobcat","6/25/2019 10:00","6/25/2019","10:00:55",0,"Reviewed Phase 3/D10_062119_092319/Bobcat","IMG_0061.JPG","Bobcat",NA,NA,NA,TRUE,"10H 0M 55S",10.01527778,0.417303241,2.621993591,2.45976972
"5935",3,"D10","D10_121318_031419","Bobcat","1/25/2019 9:31","1/25/2019","9:31:04",0,"Reviewed Phase 3/D10_121318_031419/Bobcat","IMG_0274.JPG","Bobcat",NA,NA,NA,FALSE,"9H 31M 4S",9.517777778,0.396574074,2.491748395,2.23303698
"5986",3,"D12","D12_031419_062119","Bobcat","3/17/2019 18:41","3/17/2019","18:41:00",0,"Reviewed Phase 3/D12_031419_062119/Bobcat","IMG_0038.JPG","Bobcat",NA,NA,NA,TRUE,"17H 41M 0S",17.68333333,0.736805556,4.629485841,4.27543361
"5989",3,"D12","D12_031419_062119","Bobcat","3/21/2019 4:55","3/21/2019","4:55:53",216818,"Reviewed Phase 3/D12_031419_062119/Bobcat","IMG_0091.JPG","Bobcat",NA,NA,NA,TRUE,"4H 55M 53S",4.931388889,0.205474537,1.291034592,0.957341935
"5992",3,"D12","D12_031419_062119","Bobcat","3/26/2019 3:47","3/26/2019","3:47:39",148056,"Reviewed Phase 3/D12_031419_062119/Bobcat","IMG_0112.JPG","Bobcat",NA,NA,NA,TRUE,"3H 47M 39S",3.794166667,0.158090278,0.993310511,0.67385875
"5995",3,"D12","D12_031419_062119","Bobcat","4/4/2019 18:11","4/4/2019","18:11:27",254761,"Reviewed Phase 3/D12_031419_062119/Bobcat","IMG_0166.JPG","Bobcat",NA,NA,NA,TRUE,"18H 11M 27S",18.19083333,0.757951389,4.76234903,4.354383222
"5998",3,"D12","D12_031419_062119","Bobcat","4/9/2019 19:07","4/9/2019","19:07:13",80655,"Reviewed Phase 3/D12_031419_062119/Bobcat","IMG_0190.JPG","Bobcat",NA,NA,NA,TRUE,"19H 7M 13S",19.12027778,0.796678241,5.005677017,4.565534542
"6031",3,"D12","D12_062119_092019","Bobcat","6/26/2019 21:51","6/26/2019","21:51:06",0,"Reviewed Phase 3/D12_062119_092019/Bobcat","IMG_0016.JPG","Bobcat",NA,NA,NA,TRUE,"21H 51M 6S",21.85166667,0.910486111,5.720752956,5.109530584
"6049",3,"D12","D12_092019_121019","Bobcat","12/10/2019 1:57","12/10/2019","1:57:18",6145723,"Reviewed Phase 3/D12_092019_121019/Bobcat","IMG_0364.JPG","Bobcat",NA,NA,NA,FALSE,"1H 57M 18S",1.955,0.081458333,0.511817803,0.405141089
"6074",3,"D12","D12_092019_121019","Dog","11/5/2019 8:00","11/5/2019","8:00:12",0,"Reviewed Phase 3/D12_092019_121019/Dog","IMG_0181.JPG","Dog",NA,NA,NA,FALSE,"8H 0M 12S",8.003333333,0.333472222,2.095267767,1.955108578
"6094",3,"D12","D12_121218_031419","Bobcat","2/8/2019 0:45","2/8/2019","0:45:27",476607,"Reviewed Phase 3/D12_121218_031419/Bobcat","IMG_0616.JPG","Bobcat",NA,NA,NA,FALSE,"45M 27S",0.7575,0.0315625,0.198313036,0.072514031
"6097",3,"D12","D12_121218_031419","Bobcat","2/22/2019 15:09","2/22/2019","15:09:31",227468,"Reviewed Phase 3/D12_121218_031419/Bobcat","IMG_0712.JPG","Bobcat",NA,NA,NA,FALSE,"15H 9M 31S",15.15861111,0.631608796,3.968515109,3.916572594
"6100",3,"D12","D12_121218_031419","Bobcat","3/2/2019 18:07","3/2/2019","18:07:50",284749,"Reviewed Phase 3/D12_121218_031419/Bobcat","IMG_0814.JPG","Bobcat",NA,NA,NA,FALSE,"18H 7M 50S",18.13055556,0.755439815,4.746568345,4.720256888
"6211",3,"D14","D14_031119_070219","Bobcat","5/27/2019 9:40","5/27/2019","9:40:53",2762174,"Reviewed Phase 3/D14_031119_070219/Bobcat","IMG_0487.JPG","Bobcat",NA,NA,NA,TRUE,"9H 40M 53S",9.681388889,0.403391204,2.534581684,2.393967328
"6577",3,"D16","D16_121218_032619","Bobcat","12/30/2018 11:10","12/30/2018","11:10:15",1104458,"Reviewed Phase 3/D16_121218_032619/Bobcat","IMG_0157.JPG","Bobcat",NA,NA,NA,FALSE,"11H 10M 15S",11.17083333,0.465451389,2.924517328,2.783467776
"6637",3,"E05","E05_031219_060419","Bobcat","4/17/2019 0:31","4/17/2019","0:31:35",567240,"Reviewed Phase 3/E05_031219_060419/Bobcat","IMG_0376.JPG","Bobcat",NA,NA,NA,TRUE,"31M 35S",0.526388889,0.02193287,0.137808289,6.084331378
"6937",3,"E05","E05_112818_031219","Bobcat","2/19/2019 9:26","2/19/2019","9:26:38",0,"Reviewed Phase 3/E05_112818_031219/Bobcat","IMG_0611.JPG","Bobcat",NA,NA,NA,FALSE,"9H 26M 38S",9.443888889,0.39349537,2.47240433,2.279700442
"7376",3,"E09","E09_090819_121019","Dog","11/24/2019 6:06","11/24/2019","6:06:07",0,"Reviewed Phase 3/E09_090819_121019/Dog","IMG_0385.JPG","Dog",NA,NA,NA,FALSE,"6H 6M 7S",6.101944444,0.254247685,1.59748532,1.354047954
"7609",3,"E11","E11_121318_031419","Bobcat","2/21/2019 12:12","2/21/2019","12:12:18",0,"Reviewed Phase 3/E11_121318_031419/Bobcat","IMG_1228.JPG","Bobcat",NA,NA,NA,FALSE,"12H 12M 18S",12.205,0.508541667,3.195261528,3.075468389
"7696",3,"E13","E13_031319_062019","Bobcat","5/3/2019 11:23","5/3/2019","11:23:20",70570,"Reviewed Phase 3/E13_031319_062019/Bobcat","IMG_0698.JPG","Bobcat",NA,NA,NA,TRUE,"11H 23M 20S",11.38888889,0.474537037,2.981604139,2.742087235
"7724",3,"E13","E13_031319_062019","Dog","3/24/2019 1:05","3/24/2019","1:05:18",0,"Reviewed Phase 3/E13_031319_062019/Dog","IMG_0106.JPG","Dog",NA,NA,NA,TRUE,"1H 5M 18S",1.088333333,0.045347222,0.284925,6.222412548
"7731",3,"E13","E13_031319_062019","Sheep","3/22/2019 8:26","3/22/2019","8:26:47",169418,"Reviewed Phase 3/E13_031319_062019/Sheep","IMG_0064.JPG","Sheep",NA,NA,NA,TRUE,"8H 26M 47S",8.446388889,0.35193287,2.21125944,1.887767037
"7734",3,"E13","E13_031319_062019","Sheep","3/25/2019 11:18","3/25/2019","11:18:15",3102,"Reviewed Phase 3/E13_031319_062019/Sheep","IMG_0169.JPG","Sheep",NA,NA,NA,TRUE,"11H 18M 15S",11.30416667,0.471006944,2.959423913,2.631490288
"7737",3,"E13","E13_031319_062019","Sheep","3/30/2019 11:58","3/30/2019","11:58:48",173575,"Reviewed Phase 3/E13_031319_062019/Sheep","IMG_0277.JPG","Sheep",NA,NA,NA,TRUE,"11H 58M 48S",11.98,0.499166667,3.136356666,2.815373696
"7740",3,"E13","E13_031319_062019","Sheep","4/8/2019 15:15","4/8/2019","15:15:27",266200,"Reviewed Phase 3/E13_031319_062019/Sheep","IMG_0436.JPG","Sheep",NA,NA,NA,TRUE,"15H 15M 27S",15.2575,0.635729167,3.994404159,3.631136576
"7743",3,"E13","E13_031319_062019","Sheep","4/21/2019 14:35","4/21/2019","14:35:01",185001,"Reviewed Phase 3/E13_031319_062019/Sheep","IMG_0622.JPG","Sheep",NA,NA,NA,TRUE,"14H 35M 1S",14.58361111,0.607650463,3.817980461,3.466988368
"7803",3,"E13","E13_090719_121819","Sheep","12/11/2019 10:24","12/11/2019","10:24:29",436614,"Reviewed Phase 3/E13_090719_121819/Sheep","IMG_0286.JPG","Sheep",NA,NA,NA,FALSE,"10H 24M 29S",10.40805556,0.433668981,2.724822573,2.583728248
"7899",3,"E13","E13_121118_031319","Sheep","12/13/2018 13:51","12/13/2018","13:51:26",0,"Reviewed Phase 3/E13_121118_031319/Sheep","IMG_0007.JPG","Sheep",NA,NA,NA,FALSE,"13H 51M 26S",13.85722222,0.577384259,3.627812294,3.721647449
"7902",3,"E13","E13_121118_031319","Sheep","12/27/2018 12:10","12/27/2018","12:10:11",685971,"Reviewed Phase 3/E13_121118_031319/Sheep","IMG_0214.JPG","Sheep",NA,NA,NA,FALSE,"12H 10M 11S",12.16972222,0.507071759,3.186025827,3.122918054
"7905",3,"E13","E13_121118_031319","Sheep","1/4/2019 10:04","1/4/2019","10:04:41",334351,"Reviewed Phase 3/E13_121118_031319/Sheep","IMG_0496.JPG","Sheep",NA,NA,NA,FALSE,"10H 4M 41S",10.07805556,0.419918981,2.638428775,2.412452877
"7908",3,"E13","E13_121118_031319","Sheep","1/17/2019 8:38","1/17/2019","8:38:11",512823,"Reviewed Phase 3/E13_121118_031319/Sheep","IMG_0709.JPG","Sheep",NA,NA,NA,FALSE,"8H 38M 11S",8.636388889,0.359849537,2.261001324,1.941406708
"7911",3,"E13","E13_121118_031319","Sheep","1/25/2019 10:31","1/25/2019","10:31:08",438381,"Reviewed Phase 3/E13_121118_031319/Sheep","IMG_1060.JPG","Sheep",NA,NA,NA,FALSE,"10H 31M 8S",10.51888889,0.438287037,2.753838671,2.547070601
"7914",3,"E13","E13_121118_031319","Sheep","2/20/2019 12:45","2/20/2019","12:45:17",1379749,"Reviewed Phase 3/E13_121118_031319/Sheep","IMG_1555.JPG","Sheep",NA,NA,NA,FALSE,"12H 45M 17S",12.75472222,0.531446759,3.339178469,3.232229803
"7917",3,"E13","E13_121118_031319","Sheep","2/26/2019 13:29","2/26/2019","13:29:27",18815,"Reviewed Phase 3/E13_121118_031319/Sheep","IMG_1639.JPG","Sheep",NA,NA,NA,FALSE,"13H 29M 27S",13.49083333,0.562118056,3.531891908,3.440500656
"7920",3,"E13","E13_121118_031319","Sheep","3/5/2019 10:04","3/5/2019","10:04:47",179888,"Reviewed Phase 3/E13_121118_031319/Sheep","IMG_1732.JPG","Sheep",NA,NA,NA,FALSE,"10H 4M 47S",10.07972222,0.419988426,2.638865107,2.507380573
"7923",3,"E13","E13_121118_031319","Sheep","3/11/2019 12:15","3/11/2019","12:15:46",13298,"Reviewed Phase 3/E13_121118_031319/Sheep","IMG_2008.JPG","Sheep",NA,NA,NA,TRUE,"12H 15M 46S",12.26277778,0.510949074,3.210387715,2.84387699
"8060",3,"E17","E17_032919_062019","Dog","4/14/2019 21:24","4/14/2019","21:24:49",11154,"Reviewed Phase 3/E17_032919_062019/Dog","IMG_1840.JPG","Dog",NA,NA,NA,TRUE,"21H 24M 49S",21.41361111,0.892233796,5.606070279,5.178849301
"8063",3,"E17","E17_032919_062019","Dog","4/18/2019 23:44","4/18/2019","23:44:32",81389,"Reviewed Phase 3/E17_032919_062019/Dog","IMG_7891.JPG","Dog",NA,NA,NA,TRUE,"23H 44M 32S",23.74222222,0.989259259,6.215699243,5.853450229
"8066",3,"E17","E17_032919_062019","Dog","4/25/2019 0:57","4/25/2019","0:57:16",17814,"Reviewed Phase 3/E17_032919_062019/Dog","IMG_1846.JPG","Dog",NA,NA,NA,TRUE,"57M 16S",0.954444444,0.039768519,0.249872971,6.215953981
"8076",3,"E17","E17_032919_062019","Sheep","4/14/2019 15:00","4/14/2019","15:00:56",1538,"Reviewed Phase 3/E17_032919_062019/Sheep","IMG_0529.JPG","Sheep",NA,NA,NA,TRUE,"15H 0M 56S",15.01555556,0.625648148,3.931063252,3.570568209
"8079",3,"E17","E17_032919_062019","Sheep","4/14/2019 19:59","4/14/2019","19:59:12",4053,"Reviewed Phase 3/E17_032919_062019/Sheep","IMG_1564.JPG","Sheep",NA,NA,NA,TRUE,"19H 59M 12S",19.98666667,0.832777778,5.232497097,4.764320472
"8082",3,"E17","E17_032919_062019","Sheep","4/15/2019 2:49","4/15/2019","2:49:39",3894,"Reviewed Phase 3/E17_032919_062019/Sheep","IMG_2320.JPG","Sheep",NA,NA,NA,TRUE,"2H 49M 39S",2.8275,0.1178125,0.740237769,0.471343581
"8085",3,"E17","E17_032919_062019","Sheep","4/15/2019 5:42","4/15/2019","5:42:51",1770,"Reviewed Phase 3/E17_032919_062019/Sheep","IMG_2461.JPG","Sheep",NA,NA,NA,TRUE,"5H 42M 51S",5.714166667,0.238090278,1.495965335,1.313073432
"8088",3,"E17","E17_032919_062019","Sheep","4/15/2019 18:40","4/15/2019","18:40:47",1954,"Reviewed Phase 3/E17_032919_062019/Sheep","IMG_3373.JPG","Sheep",NA,NA,NA,TRUE,"18H 40M 47S",18.67972222,0.778321759,4.890339842,4.440566543
"8091",3,"E17","E17_032919_062019","Sheep","4/16/2019 15:07","4/16/2019","15:07:49",55208,"Reviewed Phase 3/E17_032919_062019/Sheep","IMG_4135.JPG","Sheep",NA,NA,NA,TRUE,"15H 7M 49S",15.13027778,0.630428241,3.961097459,3.59701672
"8094",3,"E17","E17_032919_062019","Sheep","4/17/2019 1:53","4/17/2019","1:53:10",18557,"Reviewed Phase 3/E17_032919_062019/Sheep","IMG_5206.JPG","Sheep",NA,NA,NA,TRUE,"1H 53M 10S",1.886111111,0.078587963,0.493782734,0.200611776
"8097",3,"E17","E17_032919_062019","Sheep","4/17/2019 20:57","4/17/2019","20:57:59",4121,"Reviewed Phase 3/E17_032919_062019/Sheep","IMG_5569.JPG","Sheep",NA,NA,NA,TRUE,"20H 57M 59S",20.96638889,0.873599537,5.488987775,5.038457531
"8100",3,"E17","E17_032919_062019","Sheep","4/17/2019 23:26","4/17/2019","23:26:40",1045,"Reviewed Phase 3/E17_032919_062019/Sheep","IMG_6019.JPG","Sheep",NA,NA,NA,TRUE,"23H 26M 40S",23.44444444,0.976851852,6.137741203,5.766472558
"8103",3,"E17","E17_032919_062019","Sheep","4/18/2019 1:26","4/18/2019","1:26:01",1211,"Reviewed Phase 3/E17_032919_062019/Sheep","IMG_6241.JPG","Sheep",NA,NA,NA,TRUE,"1H 26M 1S",1.433611111,0.059733796,0.375318511,0.069030846
"8106",3,"E17","E17_032919_062019","Sheep","4/18/2019 4:40","4/18/2019","4:40:30",951,"Reviewed Phase 3/E17_032919_062019/Sheep","IMG_6478.JPG","Sheep",NA,NA,NA,TRUE,"4H 40M 30S",4.675,0.194791667,1.223912138,1.024869174
"8109",3,"E17","E17_032919_062019","Sheep","4/18/2019 19:53","4/18/2019","19:53:37",2474,"Reviewed Phase 3/E17_032919_062019/Sheep","IMG_6961.JPG","Sheep",NA,NA,NA,TRUE,"19H 53M 37S",19.89361111,0.828900463,5.20813521,4.71855092
"8112",3,"E17","E17_032919_062019","Sheep","4/20/2019 16:15","4/20/2019","16:15:18",76422,"Reviewed Phase 3/E17_032919_062019/Sheep","IMG_8485.JPG","Sheep",NA,NA,NA,TRUE,"16H 15M 18S",16.255,0.677291667,4.255549049,3.858249478
"8115",3,"E17","E17_032919_062019","Sheep","4/21/2019 17:31","4/21/2019","17:31:57",77534,"Reviewed Phase 3/E17_032919_062019/Sheep","IMG_9043.JPG","Sheep",NA,NA,NA,TRUE,"17H 31M 57S",17.5325,0.730520833,4.589997767,4.155016689
"8118",3,"E17","E17_032919_062019","Sheep","4/22/2019 19:06","4/22/2019","19:06:34",80770,"Reviewed Phase 3/E17_032919_062019/Sheep","IMG_0616 (1).JPG","Sheep",NA,NA,NA,TRUE,"19H 6M 34S",19.10944444,0.796226852,5.002840857,4.519716542
"8121",3,"E17","E17_032919_062019","Sheep","4/24/2019 19:29","4/24/2019","19:29:16",84206,"Reviewed Phase 3/E17_032919_062019/Sheep","IMG_1309 (1).JPG","Sheep",NA,NA,NA,TRUE,"19H 29M 16S",19.48777778,0.811990741,5.101888292,4.600817998
"8124",3,"E17","E17_032919_062019","Sheep","5/16/2019 18:29","5/16/2019","18:29:18",27433,"Reviewed Phase 3/E17_032919_062019/Sheep","IMG_1933 (1).JPG","Sheep",NA,NA,NA,TRUE,"18H 29M 18S",18.48833333,0.770347222,4.840234348,4.31132915
"8127",3,"E17","E17_032919_062019","Sheep","5/18/2019 18:33","5/18/2019","18:33:40",2177,"Reviewed Phase 3/E17_032919_062019/Sheep","IMG_1993 (1).JPG","Sheep",NA,NA,NA,TRUE,"18H 33M 40S",18.56111111,0.77337963,4.859287526,4.32233121
"8130",3,"E17","E17_032919_062019","Sheep","5/19/2019 17:58","5/19/2019","17:58:16",10001,"Reviewed Phase 3/E17_032919_062019/Sheep","IMG_2131 (1).JPG","Sheep",NA,NA,NA,TRUE,"17H 58M 16S",17.97111111,0.748796296,4.704825887,4.191400773
"8133",3,"E17","E17_032919_062019","Sheep","5/21/2019 17:28","5/21/2019","17:28:57",3998,"Reviewed Phase 3/E17_032919_062019/Sheep","IMG_2197 (1).JPG","Sheep",NA,NA,NA,TRUE,"17H 28M 57S",17.4825,0.7284375,4.576907797,4.081079033
"8136",3,"E17","E17_032919_062019","Sheep","5/21/2019 19:29","5/21/2019","19:29:52",3675,"Reviewed Phase 3/E17_032919_062019/Sheep","IMG_2230 (1).JPG","Sheep",NA,NA,NA,TRUE,"19H 29M 52S",19.49777778,0.812407407,5.104506286,4.51836006
"8139",3,"E17","E17_032919_062019","Sheep","5/23/2019 17:06","5/23/2019","17:06:08",89187,"Reviewed Phase 3/E17_032919_062019/Sheep","IMG_2275 (1).JPG","Sheep",NA,NA,NA,TRUE,"17H 6M 8S",17.10222222,0.712592593,4.477351308,3.995024128
"8142",3,"E17","E17_032919_062019","Sheep","5/23/2019 18:52","5/23/2019","18:52:24",1413,"Reviewed Phase 3/E17_032919_062019/Sheep","IMG_2320 (1).JPG","Sheep",NA,NA,NA,TRUE,"18H 52M 24S",18.87333333,0.786388889,4.941027112,4.377969099
"8145",3,"E17","E17_032919_062019","Sheep","5/24/2019 8:25","5/24/2019","8:25:02",5036,"Reviewed Phase 3/E17_032919_062019/Sheep","IMG_2407 (1).JPG","Sheep",NA,NA,NA,TRUE,"8H 25M 2S",8.417222222,0.350717593,2.203623625,2.11860532
"8148",3,"E17","E17_032919_062019","Sheep","5/24/2019 16:36","5/24/2019","16:36:00",25774,"Reviewed Phase 3/E17_032919_062019/Sheep","IMG_2497 (1).JPG","Sheep",NA,NA,NA,TRUE,"15H 36M 0S",15.6,0.65,4.08407045,3.669020241
"8151",3,"E17","E17_032919_062019","Sheep","5/25/2019 7:25","5/25/2019","7:25:48",42843,"Reviewed Phase 3/E17_032919_062019/Sheep","IMG_2659 (1).JPG","Sheep",NA,NA,NA,TRUE,"7H 25M 48S",7.43,0.309583333,1.945169451,1.907206814
"8154",3,"E17","E17_032919_062019","Sheep","5/25/2019 9:40","5/25/2019","9:40:23",998,"Reviewed Phase 3/E17_032919_062019/Sheep","IMG_2827 (1).JPG","Sheep",NA,NA,NA,TRUE,"9H 40M 23S",9.673055556,0.403043981,2.532400023,2.390580112
"8157",3,"E17","E17_032919_062019","Sheep","5/25/2019 18:08","5/25/2019","18:08:18",1086,"Reviewed Phase 3/E17_032919_062019/Sheep","IMG_3034 (1).JPG","Sheep",NA,NA,NA,TRUE,"18H 8M 18S",18.13833333,0.755763889,4.748604562,4.214827944
"8160",3,"E17","E17_032919_062019","Sheep","5/26/2019 7:36","5/26/2019","7:36:03",1068,"Reviewed Phase 3/E17_032919_062019/Sheep","IMG_3277 (1).JPG","Sheep",NA,NA,NA,TRUE,"7H 36M 3S",7.600833333,0.316701389,1.989893513,1.945562843
"8163",3,"E17","E17_032919_062019","Sheep","5/26/2019 11:53","5/26/2019","11:53:34",11754,"Reviewed Phase 3/E17_032919_062019/Sheep","IMG_3358 (1).JPG","Sheep",NA,NA,NA,TRUE,"11H 53M 34S",11.89277778,0.495532407,3.113521941,2.868997912
"8166",3,"E17","E17_032919_062019","Sheep","5/26/2019 16:28","5/26/2019","16:28:20",1064,"Reviewed Phase 3/E17_032919_062019/Sheep","IMG_3691 (1).JPG","Sheep",NA,NA,NA,TRUE,"16H 28M 20S",16.47222222,0.686342593,4.312417693,3.854290162
"8169",3,"E17","E17_032919_062019","Sheep","5/26/2019 19:30","5/26/2019","19:30:15",1040,"Reviewed Phase 3/E17_032919_062019/Sheep","IMG_3955 (1).JPG","Sheep",NA,NA,NA,TRUE,"19H 30M 15S",19.50416667,0.812673611,5.106178893,4.506629414
"8172",3,"E17","E17_032919_062019","Sheep","5/27/2019 8:27","5/27/2019","8:27:21",1807,"Reviewed Phase 3/E17_032919_062019/Sheep","IMG_4081 (1).JPG","Sheep",NA,NA,NA,TRUE,"8H 27M 21S",8.455833333,0.352326389,2.21373199,2.130687366
"8175",3,"E17","E17_032919_062019","Sheep","5/27/2019 16:17","5/27/2019","16:17:32",8655,"Reviewed Phase 3/E17_032919_062019/Sheep","IMG_4210 (1).JPG","Sheep",NA,NA,NA,TRUE,"16H 17M 32S",16.29222222,0.678842593,4.265293804,3.814139549
"8178",3,"E17","E17_032919_062019","Sheep","5/27/2019 18:25","5/27/2019","18:25:23",2033,"Reviewed Phase 3/E17_032919_062019/Sheep","IMG_4342 (1).JPG","Sheep",NA,NA,NA,TRUE,"18H 25M 23S",18.42305556,0.767627315,4.823144666,4.271895803
"8181",3,"E17","E17_032919_062019","Sheep","5/28/2019 6:24","5/28/2019","6:24:29",1164,"Reviewed Phase 3/E17_032919_062019/Sheep","IMG_4465 (1).JPG","Sheep",NA,NA,NA,TRUE,"6H 24M 29S",6.408055556,0.267002315,1.677625021,1.692509954
"8184",3,"E17","E17_032919_062019","Sheep","5/28/2019 14:15","5/28/2019","14:15:53",19416,"Reviewed Phase 3/E17_032919_062019/Sheep","IMG_4504 (1).JPG","Sheep",NA,NA,NA,TRUE,"14H 15M 53S",14.26472222,0.594363426,3.734495545,3.377816481
"8187",3,"E17","E17_032919_062019","Sheep","5/28/2019 15:58","5/28/2019","15:58:38",1118,"Reviewed Phase 3/E17_032919_062019/Sheep","IMG_4534 (1).JPG","Sheep",NA,NA,NA,TRUE,"15H 58M 38S",15.97722222,0.665717593,4.182826997,3.745158962
"8190",3,"E17","E17_032919_062019","Sheep","5/28/2019 17:56","5/28/2019","17:56:07",2519,"Reviewed Phase 3/E17_032919_062019/Sheep","IMG_4612 (1).JPG","Sheep",NA,NA,NA,TRUE,"17H 56M 7S",17.93527778,0.747303241,4.695444742,4.16517472
"8193",3,"E17","E17_032919_062019","Sheep","5/28/2019 19:50","5/28/2019","19:50:33",1911,"Reviewed Phase 3/E17_032919_062019/Sheep","IMG_4660 (1).JPG","Sheep",NA,NA,NA,TRUE,"19H 50M 33S",19.8425,0.826770833,5.194754352,4.574286394
"8196",3,"E17","E17_032919_062019","Sheep","5/29/2019 9:02","5/29/2019","9:02:37",11856,"Reviewed Phase 3/E17_032919_062019/Sheep","IMG_4714 (1).JPG","Sheep",NA,NA,NA,TRUE,"9H 2M 37S",9.043611111,0.37681713,2.367611852,2.258676194
"8199",3,"E17","E17_032919_062019","Sheep","5/30/2019 7:42","5/30/2019","7:42:52",3096,"Reviewed Phase 3/E17_032919_062019/Sheep","IMG_4762 (1).JPG","Sheep",NA,NA,NA,TRUE,"7H 42M 52S",7.714444444,0.321435185,2.019636833,1.975107108
"8202",3,"E17","E17_032919_062019","Sheep","5/30/2019 17:12","5/30/2019","17:12:10",2244,"Reviewed Phase 3/E17_032919_062019/Sheep","IMG_4861 (1).JPG","Sheep",NA,NA,NA,TRUE,"17H 12M 10S",17.20277778,0.716782407,4.503676691,4.004719596
"8205",3,"E17","E17_032919_062019","Sheep","5/30/2019 18:48","5/30/2019","18:48:42",1254,"Reviewed Phase 3/E17_032919_062019/Sheep","IMG_4966 (1).JPG","Sheep",NA,NA,NA,TRUE,"18H 48M 42S",18.81166667,0.783819444,4.924882817,4.348870762
"8208",3,"E17","E17_032919_062019","Sheep","5/30/2019 20:18","5/30/2019","20:18:48",988,"Reviewed Phase 3/E17_032919_062019/Sheep","IMG_4987 (1).JPG","Sheep",NA,NA,NA,TRUE,"20H 18M 48S",20.31333333,0.846388889,5.318018231,4.67008644
"8211",3,"E17","E17_032919_062019","Sheep","5/31/2019 8:23","5/31/2019","8:23:29",3228,"Reviewed Phase 3/E17_032919_062019/Sheep","IMG_5122 (1).JPG","Sheep",NA,NA,NA,TRUE,"8H 23M 29S",8.391388889,0.349641204,2.196860474,2.120767166
"8214",3,"E17","E17_032919_062019","Sheep","5/31/2019 18:21","5/31/2019","18:21:39",3220,"Reviewed Phase 3/E17_032919_062019/Sheep","IMG_5272 (1).JPG","Sheep",NA,NA,NA,TRUE,"18H 21M 39S",18.36083333,0.765034722,4.806854926,4.250483026
"8217",3,"E17","E17_032919_062019","Sheep","5/31/2019 19:55","5/31/2019","19:55:07",1635,"Reviewed Phase 3/E17_032919_062019/Sheep","IMG_5347 (1).JPG","Sheep",NA,NA,NA,TRUE,"19H 55M 7S",19.91861111,0.82994213,5.214680195,4.583262255
"8220",3,"E17","E17_032919_062019","Sheep","6/1/2019 8:00","6/1/2019","8:00:43",1925,"Reviewed Phase 3/E17_032919_062019/Sheep","IMG_5395 (1).JPG","Sheep",NA,NA,NA,TRUE,"8H 0M 43S",8.011944444,0.333831019,2.097522151,2.040586595
"8223",3,"E17","E17_032919_062019","Sheep","6/1/2019 16:56","6/1/2019","16:56:12",24767,"Reviewed Phase 3/E17_032919_062019/Sheep","IMG_5584 (1).JPG","Sheep",NA,NA,NA,TRUE,"16H 56M 12S",16.93666667,0.705694444,4.434008965,3.944720547
"8226",3,"E17","E17_032919_062019","Sheep","6/1/2019 18:53","6/1/2019","18:53:28",1471,"Reviewed Phase 3/E17_032919_062019/Sheep","IMG_5806 (1).JPG","Sheep",NA,NA,NA,TRUE,"18H 53M 28S",18.89111111,0.78712963,4.945681324,4.361711007
"8229",3,"E17","E17_032919_062019","Sheep","6/2/2019 6:13","6/2/2019","6:13:39",2409,"Reviewed Phase 3/E17_032919_062019/Sheep","IMG_5857 (1).JPG","Sheep",NA,NA,NA,TRUE,"6H 13M 39S",6.2275,0.259479167,1.630355688,1.661116684
"8232",3,"E17","E17_032919_062019","Sheep","6/2/2019 8:49","6/2/2019","8:49:05",1984,"Reviewed Phase 3/E17_032919_062019/Sheep","IMG_5935 (1).JPG","Sheep",NA,NA,NA,TRUE,"8H 49M 5S",8.818055556,0.367418981,2.308561546,2.213159369
"8235",3,"E17","E17_032919_062019","Sheep","6/2/2019 18:49","6/2/2019","18:49:14",1135,"Reviewed Phase 3/E17_032919_062019/Sheep","IMG_5992 (1).JPG","Sheep",NA,NA,NA,TRUE,"18H 49M 14S",18.82055556,0.784189815,4.927209922,4.344673955
"8238",3,"E17","E17_032919_062019","Sheep","6/3/2019 6:34","6/3/2019","6:34:50",2092,"Reviewed Phase 3/E17_032919_062019/Sheep","IMG_6055 (1).JPG","Sheep",NA,NA,NA,TRUE,"6H 34M 50S",6.580555556,0.274189815,1.722785416,1.737408022
"8241",3,"E17","E17_032919_062019","Sheep","6/3/2019 8:41","6/3/2019","8:41:21",1118,"Reviewed Phase 3/E17_032919_062019/Sheep","IMG_6151 (1).JPG","Sheep",NA,NA,NA,TRUE,"8H 41M 21S",8.689166667,0.362048611,2.274818514,2.186234406
"8244",3,"E17","E17_032919_062019","Sheep","6/3/2019 17:02","6/3/2019","17:02:17",2337,"Reviewed Phase 3/E17_032919_062019/Sheep","IMG_6247 (1).JPG","Sheep",NA,NA,NA,TRUE,"17H 2M 17S",17.03805556,0.709918981,4.460552514,3.963329095
"8247",3,"E17","E17_032919_062019","Sheep","6/4/2019 5:24","6/4/2019","5:24:31",37819,"Reviewed Phase 3/E17_032919_062019/Sheep","IMG_6382 (1).JPG","Sheep",NA,NA,NA,TRUE,"5H 24M 31S",5.408611111,0.225358796,1.415971078,1.440065146
"8250",3,"E17","E17_032919_062019","Sheep","6/4/2019 7:48","6/4/2019","7:48:55",2302,"Reviewed Phase 3/E17_032919_062019/Sheep","IMG_6463 (1).JPG","Sheep",NA,NA,NA,TRUE,"7H 48M 55S",7.815277778,0.325636574,2.046034938,2.000890399
"8253",3,"E17","E17_032919_062019","Sheep","6/4/2019 15:40","6/4/2019","15:40:27",24119,"Reviewed Phase 3/E17_032919_062019/Sheep","IMG_6568 (1).JPG","Sheep",NA,NA,NA,TRUE,"15H 40M 27S",15.67416667,0.653090278,4.103487238,3.67186806
"8256",3,"E17","E17_032919_062019","Sheep","6/4/2019 18:23","6/4/2019","18:23:47",1899,"Reviewed Phase 3/E17_032919_062019/Sheep","IMG_6670 (1).JPG","Sheep",NA,NA,NA,TRUE,"18H 23M 47S",18.39638889,0.766516204,4.816163349,4.250674121
"8259",3,"E17","E17_032919_062019","Sheep","6/5/2019 6:41","6/5/2019","6:41:25",5196,"Reviewed Phase 3/E17_032919_062019/Sheep","IMG_6733 (1).JPG","Sheep",NA,NA,NA,TRUE,"6H 41M 25S",6.690277778,0.278761574,1.751510626,1.762515475
"8276",3,"E17","E17_062019_090719","Dog","7/24/2019 5:51","7/24/2019","5:51:56",109585,"Reviewed Phase 3/E17_062019_090719/Dog","IMG_1456.JPG","Dog",NA,NA,NA,TRUE,"5H 51M 56S",5.865555556,0.244398148,1.535598854,1.493633504
"8292",3,"E17","E17_062019_090719","Sheep","7/21/2019 0:31","7/21/2019","0:31:37",15546,"Reviewed Phase 3/E17_062019_090719/Sheep","IMG_0268.JPG","Sheep",NA,NA,NA,TRUE,"31M 37S",0.526944444,0.021956019,0.137953733,6.024710992
"8295",3,"E17","E17_062019_090719","Sheep","7/21/2019 20:21","7/21/2019","20:21:30",3190,"Reviewed Phase 3/E17_062019_090719/Sheep","IMG_0382.JPG","Sheep",NA,NA,NA,TRUE,"20H 21M 30S",20.35833333,0.848263889,5.329799203,4.669189856
"8298",3,"E17","E17_062019_090719","Sheep","7/22/2019 19:53","7/22/2019","19:53:52",50991,"Reviewed Phase 3/E17_062019_090719/Sheep","IMG_0622.JPG","Sheep",NA,NA,NA,TRUE,"19H 53M 52S",19.89777778,0.829074074,5.209226041,4.57182276
"8301",3,"E17","E17_062019_090719","Sheep","7/23/2019 9:36","7/23/2019","9:36:06",13882,"Reviewed Phase 3/E17_062019_090719/Sheep","IMG_0724.JPG","Sheep",NA,NA,NA,TRUE,"9H 36M 6S",9.601666667,0.400069444,2.513710455,2.335159445
"8304",3,"E17","E17_062019_090719","Sheep","7/24/2019 5:47","7/24/2019","5:47:39",30023,"Reviewed Phase 3/E17_062019_090719/Sheep","IMG_1339.JPG","Sheep",NA,NA,NA,TRUE,"5H 47M 39S",5.794166667,0.241423611,1.516909286,1.470227117
"8378",3,"E17","E17_121218_032919","Dog","2/20/2019 12:19","2/20/2019","12:19:42",1085495,"Reviewed Phase 3/E17_121218_032919/Dog","IMG_4192.JPG","Dog",NA,NA,NA,FALSE,"12H 19M 42S",12.32833333,0.513680556,3.227550119,3.110028502
"8381",3,"E17","E17_121218_032919","Dog","2/24/2019 23:33","2/24/2019","23:33:18",191056,"Reviewed Phase 3/E17_121218_032919/Dog","IMG_7552.JPG","Dog",NA,NA,NA,FALSE,"23H 33M 18S",23.555,0.981458333,6.16668458,6.069721877
"8388",3,"E17","E17_121218_032919","Sheep","2/13/2019 7:41","2/13/2019","7:41:25",71485,"Reviewed Phase 3/E17_121218_032919/Sheep","IMG_0256 copy 2.JPG","Sheep",NA,NA,NA,FALSE,"7H 41M 25S",7.690277778,0.320428241,2.013310014,1.743138492
"8391",3,"E17","E17_121218_032919","Sheep","2/14/2019 8:01","2/14/2019","8:01:28",50890,"Reviewed Phase 3/E17_121218_032919/Sheep","IMG_0541 copy 2.JPG","Sheep",NA,NA,NA,FALSE,"8H 1M 28S",8.024444444,0.334351852,2.100794643,1.84626419
"8394",3,"E17","E17_121218_032919","Sheep","2/14/2019 16:57","2/14/2019","16:57:06",2096,"Reviewed Phase 3/E17_121218_032919/Sheep","IMG_0778 copy 2.JPG","Sheep",NA,NA,NA,FALSE,"16H 57M 6S",16.95166667,0.706319444,4.437935956,4.46166539
"8397",3,"E17","E17_121218_032919","Sheep","2/15/2019 15:40","2/15/2019","15:40:39",75369,"Reviewed Phase 3/E17_121218_032919/Sheep","IMG_0904 copy 2.JPG","Sheep",NA,NA,NA,FALSE,"15H 40M 39S",15.6775,0.653229167,4.104359902,4.085142619
"8400",3,"E17","E17_121218_032919","Sheep","2/15/2019 17:59","2/15/2019","17:59:05",992,"Reviewed Phase 3/E17_121218_032919/Sheep","IMG_1012 copy 2.JPG","Sheep",NA,NA,NA,FALSE,"17H 59M 5S",17.98472222,0.749363426,4.708389268,4.749982837
"8403",3,"E17","E17_121218_032919","Sheep","2/16/2019 17:56","2/16/2019","17:56:45",2888,"Reviewed Phase 3/E17_121218_032919/Sheep","IMG_1171 copy 2.JPG","Sheep",NA,NA,NA,FALSE,"17H 56M 45S",17.94583333,0.747743056,4.69820818,4.736370566
"8406",3,"E17","E17_121218_032919","Sheep","2/17/2019 1:23","2/17/2019","1:23:29",8090,"Reviewed Phase 3/E17_121218_032919/Sheep","IMG_1318 copy 2.JPG","Sheep",NA,NA,NA,FALSE,"1H 23M 29S",1.391388889,0.057974537,0.364264759,0.22642113
"8409",3,"E17","E17_121218_032919","Sheep","2/17/2019 15:41","2/17/2019","15:41:32",1881,"Reviewed Phase 3/E17_121218_032919/Sheep","IMG_1483 copy 2.JPG","Sheep",NA,NA,NA,FALSE,"15H 41M 32S",15.69222222,0.653842593,4.108214171,4.08312779
"8412",3,"E17","E17_121218_032919","Sheep","2/17/2019 23:29","2/17/2019","23:29:35",18571,"Reviewed Phase 3/E17_121218_032919/Sheep","IMG_1813 copy 2.JPG","Sheep",NA,NA,NA,FALSE,"23H 29M 35S",23.49305556,0.978877315,6.150467562,6.056379526
"8415",3,"E17","E17_121218_032919","Sheep","2/18/2019 14:03","2/18/2019","14:03:07",34698,"Reviewed Phase 3/E17_121218_032919/Sheep","IMG_2533 copy 2.JPG","Sheep",NA,NA,NA,FALSE,"14H 3M 7S",14.05194444,0.585497685,3.678790453,3.606491752
"8418",3,"E17","E17_121218_032919","Sheep","2/18/2019 16:11","2/18/2019","16:11:32",1727,"Reviewed Phase 3/E17_121218_032919/Sheep","IMG_2797 copy 2.JPG","Sheep",NA,NA,NA,FALSE,"16H 11M 32S",16.19222222,0.674675926,4.239113865,4.224417972
"8421",3,"E17","E17_121218_032919","Sheep","2/18/2019 18:48","2/18/2019","18:48:27",1201,"Reviewed Phase 3/E17_121218_032919/Sheep","IMG_3100 copy.JPG","Sheep",NA,NA,NA,FALSE,"18H 48M 27S",18.8075,0.783645833,4.923791986,4.933932358
"8424",3,"E17","E17_121218_032919","Sheep","2/19/2019 3:29","2/19/2019","3:29:28",8124,"Reviewed Phase 3/E17_121218_032919/Sheep","IMG_3430 copy.JPG","Sheep",NA,NA,NA,FALSE,"3H 29M 28S",3.491111111,0.145462963,0.913970752,0.732863775
"8427",3,"E17","E17_121218_032919","Sheep","2/19/2019 16:37","2/19/2019","16:37:37",4568,"Reviewed Phase 3/E17_121218_032919/Sheep","IMG_3595 copy.JPG","Sheep",NA,NA,NA,FALSE,"16H 37M 37S",16.62694444,0.692789352,4.352923877,4.345930061
"8430",3,"E17","E17_121218_032919","Sheep","2/19/2019 18:51","2/19/2019","18:51:40",1596,"Reviewed Phase 3/E17_121218_032919/Sheep","IMG_3727 copy.JPG","Sheep",NA,NA,NA,FALSE,"18H 51M 40S",18.86111111,0.78587963,4.937827342,4.943039786
"8433",3,"E17","E17_121218_032919","Sheep","2/20/2019 1:11","2/20/2019","1:11:23",1640,"Reviewed Phase 3/E17_121218_032919/Sheep","IMG_3967 copy.JPG","Sheep",NA,NA,NA,FALSE,"1H 11M 23S",1.189722222,0.049571759,0.311468549,0.181016224
"8436",3,"E17","E17_121218_032919","Sheep","2/20/2019 4:15","2/20/2019","4:15:56",5639,"Reviewed Phase 3/E17_121218_032919/Sheep","IMG_4060 copy.JPG","Sheep",NA,NA,NA,FALSE,"4H 15M 56S",4.265555556,0.177731481,1.116719833,0.922144516
"8439",3,"E17","E17_121218_032919","Sheep","2/20/2019 5:39","2/20/2019","5:39:22",2228,"Reviewed Phase 3/E17_121218_032919/Sheep","IMG_4162 copy.JPG","Sheep",NA,NA,NA,FALSE,"5H 39M 22S",5.656111111,0.235671296,1.480766426,1.257201703
"8442",3,"E17","E17_121218_032919","Sheep","2/20/2019 16:18","2/20/2019","16:18:14",4993,"Reviewed Phase 3/E17_121218_032919/Sheep","IMG_4213 copy.JPG","Sheep",NA,NA,NA,FALSE,"16H 18M 14S",16.30388889,0.679328704,4.26834813,4.249406364
"8445",3,"E17","E17_121218_032919","Sheep","2/21/2019 0:32","2/21/2019","0:32:34",1269,"Reviewed Phase 3/E17_121218_032919/Sheep","IMG_5824 copy.JPG","Sheep",NA,NA,NA,FALSE,"32M 34S",0.542777778,0.022615741,0.14209889,0.025669433
"8448",3,"E17","E17_121218_032919","Sheep","2/21/2019 2:27","2/21/2019","2:27:08",936,"Reviewed Phase 3/E17_121218_032919/Sheep","IMG_6061 copy.JPG","Sheep",NA,NA,NA,FALSE,"2H 27M 8S",2.452222222,0.102175926,0.641990277,0.487187184
"8451",3,"E17","E17_121218_032919","Sheep","2/21/2019 4:50","2/21/2019","4:50:25",3501,"Reviewed Phase 3/E17_121218_032919/Sheep","IMG_6172 copy.JPG","Sheep",NA,NA,NA,FALSE,"4H 50M 25S",4.840277778,0.201678241,1.267181759,1.0643865
"8454",3,"E17","E17_121218_032919","Sheep","2/21/2019 7:10","2/21/2019","7:10:58",4951,"Reviewed Phase 3/E17_121218_032919/Sheep","IMG_6310 copy.JPG","Sheep",NA,NA,NA,FALSE,"7H 10M 58S",7.182777778,0.299282407,1.880446825,1.641417192
"8457",3,"E17","E17_121218_032919","Sheep","2/21/2019 15:57","2/21/2019","15:57:04",908,"Reviewed Phase 3/E17_121218_032919/Sheep","IMG_6631 copy.JPG","Sheep",NA,NA,NA,FALSE,"15H 57M 4S",15.95111111,0.66462963,4.175991124,4.145137331
"8460",3,"E17","E17_121218_032919","Sheep","2/21/2019 22:46","2/21/2019","22:46:41",10270,"Reviewed Phase 3/E17_121218_032919/Sheep","IMG_7807 copy.JPG","Sheep",NA,NA,NA,FALSE,"22H 46M 41S",22.77805556,0.949085648,5.963281,5.882316732
"8463",3,"E17","E17_121218_032919","Sheep","2/22/2019 4:57","2/22/2019","4:57:22",918,"Reviewed Phase 3/E17_121218_032919/Sheep","IMG_9205 copy.JPG","Sheep",NA,NA,NA,FALSE,"4H 57M 22S",4.956111111,0.20650463,1.297506855,1.096315253
"8466",3,"E17","E17_121218_032919","Sheep","2/22/2019 16:30","2/22/2019","16:30:32",32330,"Reviewed Phase 3/E17_121218_032919/Sheep","IMG_9943 copy.JPG","Sheep",NA,NA,NA,FALSE,"16H 30M 32S",16.50888889,0.68787037,4.322017004,4.300712365
"8469",3,"E17","E17_121218_032919","Sheep","2/22/2019 18:47","2/22/2019","18:47:17",2745,"Reviewed Phase 3/E17_121218_032919/Sheep","IMG_0145.JPG","Sheep",NA,NA,NA,FALSE,"18H 47M 17S",18.78805556,0.782835648,4.918701442,4.914139871
"8472",3,"E17","E17_121218_032919","Sheep","2/23/2019 1:14","2/23/2019","1:14:57",999,"Reviewed Phase 3/E17_121218_032919/Sheep","IMG_2362.JPG","Sheep",NA,NA,NA,FALSE,"1H 14M 57S",1.249166667,0.052048611,0.327031069,0.198695574
"8475",3,"E17","E17_121218_032919","Sheep","2/23/2019 4:14","2/23/2019","4:14:00",944,"Reviewed Phase 3/E17_121218_032919/Sheep","IMG_2734.JPG","Sheep",NA,NA,NA,FALSE,"3H 14M 0S",3.233333333,0.134722222,0.846484687,0.681300788
"8478",3,"E17","E17_121218_032919","Sheep","2/23/2019 6:11","2/23/2019","6:11:32",1017,"Reviewed Phase 3/E17_121218_032919/Sheep","IMG_3001.JPG","Sheep",NA,NA,NA,FALSE,"6H 11M 32S",6.192222222,0.258009259,1.621119987,1.400985898
"8481",3,"E17","E17_121218_032919","Sheep","2/24/2019 17:35","2/24/2019","17:35:47",63409,"Reviewed Phase 3/E17_121218_032919/Sheep","IMG_5446.JPG","Sheep",NA,NA,NA,FALSE,"17H 35M 47S",17.59638889,0.73318287,4.606723839,4.600605824
"8484",3,"E17","E17_121218_032919","Sheep","2/27/2019 14:10","2/27/2019","14:10:47",1487,"Reviewed Phase 3/E17_121218_032919/Sheep","IMG_7570.JPG","Sheep",NA,NA,NA,FALSE,"14H 10M 47S",14.17972222,0.590821759,3.712242597,3.632604849
"8487",3,"E17","E17_121218_032919","Sheep","2/27/2019 16:28","2/27/2019","16:28:56",2153,"Reviewed Phase 3/E17_121218_032919/Sheep","IMG_7690.JPG","Sheep",NA,NA,NA,FALSE,"16H 28M 56S",16.48222222,0.686759259,4.315035687,4.275658266
"8490",3,"E17","E17_121218_032919","Sheep","2/27/2019 18:06","2/27/2019","18:06:24",1707,"Reviewed Phase 3/E17_121218_032919/Sheep","IMG_7702.JPG","Sheep",NA,NA,NA,FALSE,"18H 6M 24S",18.10666667,0.754444444,4.740314248,4.727343421
"8493",3,"E17","E17_121218_032919","Sheep","2/27/2019 22:29","2/27/2019","22:29:56",3270,"Reviewed Phase 3/E17_121218_032919/Sheep","IMG_7882.JPG","Sheep",NA,NA,NA,FALSE,"22H 29M 56S",22.49888889,0.937453704,5.890195337,5.80947439
"8496",3,"E17","E17_121218_032919","Sheep","2/28/2019 13:01","2/28/2019","13:01:14",42839,"Reviewed Phase 3/E17_121218_032919/Sheep","IMG_7918.JPG","Sheep",NA,NA,NA,FALSE,"13H 1M 14S",13.02055556,0.542523148,3.408773473,3.309099352
"8499",3,"E17","E17_121218_032919","Sheep","2/28/2019 16:11","2/28/2019","16:11:06",1074,"Reviewed Phase 3/E17_121218_032919/Sheep","IMG_7948.JPG","Sheep",NA,NA,NA,FALSE,"16H 11M 6S",16.185,0.674375,4.237223092,4.189626253
"8502",3,"E17","E17_121218_032919","Sheep","2/28/2019 18:48","2/28/2019","18:48:09",1026,"Reviewed Phase 3/E17_121218_032919/Sheep","IMG_8629.JPG","Sheep",NA,NA,NA,FALSE,"18H 48M 9S",18.8025,0.7834375,4.922482989,4.895003636
"8505",3,"E17","E17_121218_032919","Sheep","3/1/2019 14:14","3/1/2019","14:14:04",59498,"Reviewed Phase 3/E17_121218_032919/Sheep","IMG_9055.JPG","Sheep",NA,NA,NA,FALSE,"14H 14M 4S",14.23444444,0.593101852,3.726568841,3.645897842
"8508",3,"E17","E17_121218_032919","Sheep","3/1/2019 15:58","3/1/2019","15:58:16",1650,"Reviewed Phase 3/E17_121218_032919/Sheep","IMG_9235.JPG","Sheep",NA,NA,NA,FALSE,"15H 58M 16S",15.97111111,0.665462963,4.181227111,4.12735835
"8511",3,"E17","E17_121218_032919","Sheep","3/1/2019 21:15","3/1/2019","21:15:31",1552,"Reviewed Phase 3/E17_121218_032919/Sheep","IMG_0136 copy.JPG","Sheep",NA,NA,NA,FALSE,"21H 15M 31S",21.25861111,0.885775463,5.565491374,5.500327038
"8514",3,"E17","E17_121218_032919","Sheep","3/1/2019 23:23","3/1/2019","23:23:46",1037,"Reviewed Phase 3/E17_121218_032919/Sheep","IMG_0226 copy.JPG","Sheep",NA,NA,NA,FALSE,"23H 23M 46S",23.39611111,0.974837963,6.125087566,6.030414023
"8517",3,"E17","E17_121218_032919","Sheep","3/2/2019 14:54","3/2/2019","14:54:42",1585,"Reviewed Phase 3/E17_121218_032919/Sheep","IMG_0349 copy.JPG","Sheep",NA,NA,NA,FALSE,"14H 54M 42S",14.91166667,0.621319444,3.903865204,3.832022754
"8520",3,"E17","E17_121218_032919","Sheep","3/2/2019 17:26","3/2/2019","17:26:50",1099,"Reviewed Phase 3/E17_121218_032919/Sheep","IMG_0583 copy.JPG","Sheep",NA,NA,NA,FALSE,"17H 26M 50S",17.44722222,0.726967593,4.567672097,4.532377386
"8523",3,"E17","E17_121218_032919","Sheep","3/3/2019 14:43","3/3/2019","14:43:45",69827,"Reviewed Phase 3/E17_121218_032919/Sheep","IMG_0832 copy.JPG","Sheep",NA,NA,NA,FALSE,"14H 43M 45S",14.72916667,0.613715278,3.856086816,3.780218424
"8526",3,"E17","E17_121218_032919","Sheep","3/3/2019 17:00","3/3/2019","17:00:50",2109,"Reviewed Phase 3/E17_121218_032919/Sheep","IMG_0892 copy.JPG","Sheep",NA,NA,NA,FALSE,"17H 0M 50S",17.01388889,0.708912037,4.454225695,4.408972598
"8529",3,"E17","E17_121218_032919","Sheep","3/4/2019 14:06","3/4/2019","14:06:08",3153,"Reviewed Phase 3/E17_121218_032919/Sheep","IMG_0955 copy.JPG","Sheep",NA,NA,NA,FALSE,"14H 6M 8S",14.10222222,0.587592593,3.691953144,3.606961192
"8532",3,"E17","E17_121218_032919","Sheep","3/4/2019 16:39","3/4/2019","16:39:00",1312,"Reviewed Phase 3/E17_121218_032919/Sheep","IMG_1555 copy.JPG","Sheep",NA,NA,NA,FALSE,"15H 39M 0S",15.65,0.652083333,4.097160419,4.031347047
"8535",3,"E17","E17_121218_032919","Sheep","3/4/2019 19:17","3/4/2019","19:17:02",1854,"Reviewed Phase 3/E17_121218_032919/Sheep","IMG_1948 copy.JPG","Sheep",NA,NA,NA,FALSE,"19H 17M 2S",19.28388889,0.80349537,5.048510305,5.00045601
"8538",3,"E17","E17_121218_032919","Sheep","3/5/2019 15:27","3/5/2019","15:27:11",9030,"Reviewed Phase 3/E17_121218_032919/Sheep","IMG_2020 copy.JPG","Sheep",NA,NA,NA,FALSE,"15H 27M 11S",15.45305556,0.643877315,4.045600484,3.975303954
"8541",3,"E17","E17_121218_032919","Sheep","3/5/2019 17:50","3/5/2019","17:50:19",2856,"Reviewed Phase 3/E17_121218_032919/Sheep","IMG_2098 copy.JPG","Sheep",NA,NA,NA,FALSE,"17H 50M 19S",17.83861111,0.743275463,4.670137468,4.627006083
"8544",3,"E17","E17_121218_032919","Sheep","3/6/2019 16:15","3/6/2019","16:15:03",7537,"Reviewed Phase 3/E17_121218_032919/Sheep","IMG_2125 copy.JPG","Sheep",NA,NA,NA,FALSE,"16H 15M 3S",16.25083333,0.677118056,4.254458218,4.190448267
"8547",3,"E17","E17_121218_032919","Sheep","3/6/2019 18:55","3/6/2019","18:55:29",3657,"Reviewed Phase 3/E17_121218_032919/Sheep","IMG_2299 copy.JPG","Sheep",NA,NA,NA,FALSE,"18H 55M 29S",18.92472222,0.788530093,4.954480692,4.903112825
"8550",3,"E17","E17_121218_032919","Sheep","3/7/2019 12:41","3/7/2019","12:41:19",2388,"Reviewed Phase 3/E17_121218_032919/Sheep","IMG_2353 copy.JPG","Sheep",NA,NA,NA,FALSE,"12H 41M 19S",12.68861111,0.52869213,3.321870621,3.221635248
"8553",3,"E17","E17_121218_032919","Sheep","3/7/2019 14:57","3/7/2019","14:57:09",1639,"Reviewed Phase 3/E17_121218_032919/Sheep","IMG_2533 copy.JPG","Sheep",NA,NA,NA,FALSE,"14H 57M 9S",14.9525,0.623020833,3.914555346,3.835592125
"8556",3,"E17","E17_121218_032919","Sheep","3/7/2019 17:51","3/7/2019","17:51:28",1736,"Reviewed Phase 3/E17_121218_032919/Sheep","IMG_2704 copy.JPG","Sheep",NA,NA,NA,FALSE,"17H 51M 28S",17.85777778,0.744074074,4.67515529,4.623490896
"8559",3,"E17","E17_121218_032919","Sheep","3/7/2019 19:15","3/7/2019","19:15:35",1181,"Reviewed Phase 3/E17_121218_032919/Sheep","IMG_2857 copy.JPG","Sheep",NA,NA,NA,FALSE,"19H 15M 35S",19.25972222,0.802488426,5.042183487,4.98418221
"9587",3,"G11","G11_062719_090819","Dog","8/11/2019 22:50","8/11/2019","22:50:20",0,"Reviewed Phase 3/G11_062719_090819/Dog","IMG_0853.JPG","Dog",NA,NA,NA,TRUE,"22H 50M 20S",22.83888889,0.95162037,5.979207129,5.5261917
